Workbook

Sheet 总计
A1: 类别 | B1: 预计费用 | C1: `
A2: 婚纱照 | B2: ='婚纱照'!E6 | C2: ='婚纱照'!C6
A3: 酒店 | B3: ='酒店'!H2 | C3: 93821
A4: 主持+摄像+婚纱+化妆 | B4: 4968 | C4: 7864
A5: 彩礼+烟酒+喜糖 | B5: ='彩礼+烟酒+喜糖'!D7 | C5: ='彩礼+烟酒+喜糖'!E7
A6: 新车 | B6: 40000 | C6: 40000
A7: 杂项 | C7: ='婚礼杂项'!E16
B8: =SUM(B2:B7) | C8: =SUM(C2:C7)
C10: =C8-88000-C6-C2

Sheet 代办事项
A1: 代办 | B1: 备注
A2: 近期代办 | B2: 1.婚车拉群ok、31号晚上拉群提前2号干活的人拉群 2.ok 确认化妆师、摄影师时间 = 化妆师 6点到龙川、跟拍7点到龙川 3.ok 确定去女方家接亲的时间、地点、人物。那些人需要在龙川进行敬茶仪式，提前确认和邀请 4.彩票提前购买、ok 小红包提前准备询问银行（5-10，100）、小吴红包、给拎包妹妹红包 5.誓言卡需要提前编写 6.ok爸爸的发言致词 = 28号下午准备 7.ok给大姑的红包=问问爸妈，提前准备 8.ok改口红包提前和爸妈说 9.ok提前准备改口敬茶的道具 9.1 敬茶的流程需要提前准备 10.ok 提前告诉爷爷奶奶、外公外婆：确认大巴车的出发的时间、地点、车牌号 11.提前再准备2箱酒、2条烟、梦兰妈妈 提供香烟，我提供部分费用 13.ok 新娘、陪嫁、进新房流程 14.物业提前通知、准备电梯大门车子进新房 15.ok小孩子不给红包、提前和老人家讲 16.ok给豪爷、潘超订酒店 17.喜糖确认什么时候送
A3: 30号 | B3: 1.打扫卫生
A4: 31号 | B4: 1.接姨娘，到舅舅家=下午3点，4点出发接大姑去南湖春城 2.家里的床上是否需要摆东西：已有糕、棉籽、花生、红枣。是否需要桂圆、莲子 = 上午 3.散糖、糕点：每一桌的散糖、当天2号的带的散糖、糕点。= 上午 4.取零钱红包30个5、30个10块、10个100，5个50， 200妹妹的、200小吴的、200给姨娘的
A5: 1号上午送东西到酒店 | B5: 1.礼服婚纱：上午拿 2.烟酒：随礼的烟、每桌子的酒 3.喜糖：让礼品店的人送
A6: 1号下午 | B6: 1.装饰龙川的房子，给小吴的道具打气 2.装饰完就各自回家， 3.和各个人确认第二天的流程，最好拉个群 4.确认下第二天敬茶那些人到现场：大姑、爸妈、在南湖的舅舅
B7: 给拎包的妹妹红包🧧（200，婚礼结束给）

Sheet 婚礼流程
A1: 时间 | B1: 分类 | C1: 内容 | D1: 人员安排 | E1: 明细
A2: 前一天
A3: 11月1号-中午或者晚上 | B3: 男方人员安排 | C3: 1.确认第二天的工作人员 2.确认第二天的人员分工 3.相关人员聚餐、通知 | D3: 1.记账：大舅 2.整理礼金： 3.随礼的:喜糖、香烟：舰艇哥 4.座位安排外面迎宾，散烟：二伯、小伯 5.座位里面座位安排，散烟：小舅 6.餐前餐后酒水整理：二姑，大舅妈，小舅妈，以及所有人全部桌 7. 提前放烟，糖：二妈，小妈，全部桌 | E3: 大巴车跟车，大姑爷
A4: 11月1号-晚上 | B4: 女方人员安排 | C4: 1.确认第二天的工作人员 2.确认第二天的人员分工 3.相关人员聚餐、通知 | D4: 1.记账：吴琴 2.整理礼金:小露 3.喜礼：小龙 4.座位安排外面迎宾：三伯伯 5.座位里面座位安排：小舅
A5: 11月1号-下午 | B5: 物料 | C5: 1.取婚纱、西服 2.往酒店送礼品 3.往酒店送烟酒 4.往酒店送喜糖
A6: 当天
A7: 11月2号-早上 | B7: 接亲 | C7: 1.4：40 亚男从龙川北门楼下集合 2.5:00 点从龙川出发到卫岗，接梦兰、嫁妆 3.5:30 从卫岗出发到龙川 4.5:50 点到龙川，6点开始化妆，9点结束。新娘、新郎、妈妈 5.梦兰爸妈8点30到龙川 4.9点换衣服化妆、换衣服 | D7: 1.大姑、爸妈*4、 2.小内、菊花、豪爷：敬茶的时候到 3.梦兰弟弟、小姨娘，一起过来送彩礼：准备200红包 4.化妆师、摄影师 | E7: 1.确认当天接亲是否需要准备额外的礼物=需要糕点、散糖、2箱烟酒 2.准备2辆车：菊花加小内，提前拉群 彩礼进门之前需要用红色簸箕从下方扫过，才能进门 3 大姑铺床 31 号铺床
A8: 11月2号-早上 | B8: 敬茶 | C8: 1.9:00 点开始：双方父母、双方朋友到场 2.主持敬茶仪式，需要双方朋友配合，参考国庆4号婚礼 3.9:30 点完成敬茶出发 | D8: 1.大姑、爸妈*4、弟弟、舅舅 2.小内、菊花、豪爷：敬茶的时候到 3.化妆师、摄影师 | E8: 1.准备2个托盘，4杯温茶 2.男方爸爸 男方妈妈 女方妈妈 女方爸爸 梦兰 亚男 3.请新人给2位妈妈敬茶： 给妈妈敬茶、红包，男方先敬茶、再女方 4.请新人给2位爸爸敬茶：给爸爸敬茶、红包，男方先敬茶、再女方
A9: 11月2号-早上 | B9: 送亲 | C9: 1.10 点到达酒店 2.迎宾拍照 提前和督导说 | E9: 1.敬茶结束后，一起送到酒店
A10: 11月2号-中午 | B10: 婚礼流程 | D10: 1.新娘入场配合开门： 2.配合主持人送戒指： 3.配合主持人送礼物： 4.配合主持人抛捧花： | E10: * 仪式前为暖场迎宾时间，主持人有播报，邀请来宾落座 等待婚礼开始时间 灯光秀 开场视频：（横版视频） = 已完成 主持人开场白（位置：主舞台上及T台前段 ） 新郎登场：（新郎先在主桌就座 主持人邀请后 新郎正式登场 面向左右两方来宾鞠躬，主持人话语铺垫， 静待新娘入场）（重点彩排） 新娘入场（新娘自己入场）：（主持人邀请来宾正式看向仪式门 灯光亮起 新娘双手提裙摆正式入场 径直走向副舞台方向）（重点彩排） 献花＋共同入场：（主持人引导 新郎单膝点地献上手捧花，新娘俯身接花，新郎随即起身，站至新娘右侧，一起看向前方 主持人正式邀请新郎新娘步入婚礼殿堂） = 爸爸妈妈在T台末端给拥抱和鼓励 誓约：（新人自述：主持人引语，新郎新娘相对而立，督导呈上话筒和誓言卡。先行邀请新郎说出誓言，随后新娘说誓词。结束后督导收下话筒和誓言卡） = 今晚写一下，准备一下誓言卡 受戒礼＋拥吻一刻：（小宝宝和他的妈妈（暂定）作为送戒人送上戒指。在主持人提示语中，新郎率先为新娘戴上戒指（吻手礼） 新娘随后为新郎戴上戒指（贴面礼） 戴戒结束后拥吻）（重点彩排） = 确认宝宝和他妈妈一起，提前让宝宝一个，宝贝衣服妈妈准备，红包由我们给 主证婚人：待定 = 没有 双方父母登场:（邀请双方父母登场 妈妈们走前面 爸爸们走后面 站到新郎新娘身旁 一起看向大家的方向） = 新郎到爸爸说，表达感谢，需要致词稿 共同举杯:（督导呈上全家人的酒杯 主持人诚邀全家人 全场来宾共同举杯，全场一起饮下）（6杯） 捧花仪式-抛好柿发生：新人来到指定位置，邀请朋友来到舞台上（彩票） = 准备柿子玩偶+ 事后给彩票（符合婚礼主题的刮刮乐，面额10-20） 大合影：主持人引语新人面向主舞台，摄影摄像老师来到主舞台拍照，督导老师帮助新娘整理婚纱。主持人引导大家做拍照动作（两张亮场照片，一张暗场照片） 退 场：主持人引导新人转身面向大门共同退场，仪式结束 后场互动环节：大屏互动（猜麻将，诗词答题，开心猜成语），猜歌名 礼物准备数量在桌数的1.5-2.0倍（节假日建议2.0倍） = 玩偶 30个 + 红包 50 个 婚礼的音乐：需要放一些音乐，给一个歌单 = 给过了
A11: 第二天=回门

Sheet 婚礼杂项
A1: 类型 | B1: 日期 | C1: 数量 | D1: 是否购买 | E1: 费用 | F1: 备注
A2: 皮鞋 | B2: 45559 | C2: 1 | D2: 是 | E2: 254
A3: 红包 | B3: 45559 | D3: 是
A4: 玩偶、礼物 | C4: 30 | D4: 是
A5: 妈妈的包 | B5: 45560 | C5: 2 | D5: 是
A6: 爸妈的衣服 | C6: 4 | D6: 是
A7: 爷爷奶奶的鞋 | C7: 2 | D7: 是
A8: 外公外婆的鞋 | C8: 3 | D8: 是
A9: 新家结婚装饰
A10: 四件套 | C10: 4 | D10: 已买2 | E10: 500 | F10: 1.红色结婚当天的4件套，买2个 2.已买
A11: 婚鞋 | C11: 2 | D11: 已买1
A12: 大巴车 | C12: 1 | E12: 2000 | F12: 需要48座以上，提前确认接人地址、人数
A13: 散糖 | E13: 1000 | F13: 要额外的的小盒子，小纱袋，买 2 条糕，桂圆，红枣，莲子，花生。
A14: 鞭炮礼花 | B14: 120 | C14: 1 | D14: 已买 | E14: 120
E16: =SUM(E2:E15)

Sheet 酒店安排
A1: 酒席桌数安排：23+2
A2: 女方 | C2: 男方
A3: 爸： 1.大伯 9人 2.二伯 3人 3.三伯 6人 4.小叔 3人 5.大姥 2人 6.小姥 3人 7.小姑奶奶 4人 8.同学14人（可能1桌） 朋友4人 小计：48人 妈： 1.亚军哥 4人 2.胡娟姐 3人 3.二舅 3人 4.小舅 7人（带外婆） 5.大姨娘 5人 6.二姨娘 5人 7.三姨娘 7人 小计：34人 爸妈坐主桌，弟弟1人 | B3: 15 我朋友 洪扬 x2 潘超 超哥 老豪 梦兰朋友 x 3 16 梦兰朋友 x10 小周 宇航员 何x2 陆x2 kbk 菊花 张瑶 | C3: 1 桌 大姑家: 大姑 大姑爷 哥哥 x4，姐姐 x4 2 桌 小伯 5 二伯 4 3 桌 姑奶奶 2 4 个表姑 +? 13 桌 大爷爷一家 x6 4 桌 二姑x4 合肥二姑x3 5 桌 洋洋家x2 4 家算一桌 6 桌 王下份爷爷家 x4 7 桌 大新庄 x6 8 桌 舅舅 x4，外公外婆 9 桌 老圩 表叔 x5 10 桌 老爸同事 x6 11 桌 舅爷爷，舅奶奶 x6 12 桌 大队书记 x6 14 主桌 爷爷奶奶 老爸老妈 梦兰老爸老妈 17 木匠外婆家 | E3: 自己出场 无征婚人 敬茶在龙川 父母只饮酒
A4: 礼品数量
A5: 女方 | C5: 男方 | E5: 150*17=2550
A6: 60份 | C6: 60份 | D6: 准备 150份 | E6: 已付定金200

Sheet 婚纱照
A1: 半日集摄影工作室
A2: 项目名称 | B2: 型号 | C2: 单价 | D2: 备注 | E2: 实际花费
A3: 半日集 | B3: 6999减520总价是6479，套餐内精修35张+老客推荐赠送5张 总精修是40张。有一本16寸相册和两个10寸摆台 | C3: 6999 | D3: 暂定4月9号进行拍摄 已付定金2000 | E3: 6479
A4: 半日集 | B4: 增加选照片 | C4: 3000 | D4: 增加照片 | E4: 3000
A5: 半日集 | B5: 所有门票 | E5: 500
C6: =SUM(C3:C5) | E6: =SUM(E3:E5)

Sheet 酒店
A1: 地址 | B1: 日期 | C1: 每桌花费 | D1: 其他费用 | E1: 备注 | F1: 时间 | G1: 备注 | H1: 酒店总计 | I1: 已付
A2: 会宾楼（望湖城店） 3楼星光厅 | B2: 2024年11月2日（农历十月初二） | C2: 23桌起订，23桌备2桌 餐标3099/桌 | D2: 婚庆套餐10000元（赠送液氮效果一份） | E2: 1.酒水多了不能退，打包带回家 2.古井8年2瓶、红酒1瓶、饮料2瓶 | F2: 11.2 | G2: （1）11.2 婚庆套餐优惠 6 千 （2）餐标 11.2-3099 婚庆总金额：10000 酒席：71277 | H2: 81277 | I2: =20000+60000+9337+3944

Sheet 主持+摄像+婚纱+化妆
A1: 类别 | B1: 来源 | C1: 金额 | D1: 已付 | E1: 备注
A2: 主持 | B2: 同庆楼主持 | C2: 1590 | D2: 0 | E2: =C2-D2
A3: 婚纱 | B3: 大小姐婚纱馆 | C3: 4378 | D3: 2000 | E3: 4378
A4: 化妆 | B4: 大小姐婚纱馆 | C4: 800 | D4: 800 | E4: =800+66
A5: 摄像 | B5: 大小姐婚纱馆 | C5: 1000 | D5: 1000 | E5: 1030
C6: =SUM(C2:C5) | D6: =SUM(D3:D5) | E6: =SUM(E2:E5)

Sheet 彩礼+烟酒+喜糖
A1: 结婚+过礼
A2: 类型 | B2: 份数 | C2: 单价 | D2: 金额 | E2: 已付 | F2: 备注
A3: 酒：古8 | B3: 10 | C3: 800 | D3: 8000 | E3: 8000 | F3: 1.过礼6：酒 （古8），酒席备4箱 = 10箱
A4: 烟：软中华 | B4: 28 | C4: 600 | D4: 16800 | E4: =16800+3000 | F4: 1.每桌 2 个共6 条，过礼 6 条，喜糖男方 8 条，女方8 条， 总共2*6+2*8=28条软中，28×600=16800 20240718 已备15，15*600=9000
A5: 喜糖： | B5: 150 | C5: 17 | D5: 2500 | E5: =2720+680 | F5: 150×17=2550 收定金200元
A6: 彩礼： | B6: 1 | C6: 88000 | D6: 88000 | E6: =88000+2800+280 | F6: 烟（软中） 酒 （古8） 糖 6 斤 米团 步步糕6条 果子袋装 6 斤 彩礼
A7: 总计 | D7: =SUM(D3:D6) | E7: =SUM(E3:E6)

Sheet 过礼=已完成
A1: 过礼准备
A2: 类型 | B2: 份数 | C2: 单价 | D2: 金额 | E2: 已准备 | F2: 备注
A3: 酒：古8 | B3: 6 | E3: ok | F3: 1.过礼6：酒 （古8）
A4: 烟：软中华 | B4: 6 | E4: ok | F4: 1.过礼 6 条
A5: 彩礼 | B5: 1 | C5: 88000 | F5: 现金
A6: 糕点 | B6: 2 | E6: ok
A7: 挂面 | B7: 2
A8: 猪肉 | B8: 2
A9: 吴龙杰2个红包 | B9: 2 | D9: 2800+280 | F9: 1.2800是给吴龙杰的 2.280是子孙童的
A11: 注意事项
A12: 10月1号带3条烟回家
A13: 10月1号带红包回家
A14: 10月1号沟通过礼流程 提前给大姑爷打电话
A15: 过礼当天敬酒要敬2次
A16: 过礼当天注意多散烟
A17: 过礼当天到卫岗10点左右，9点到南湖春城集合 | F17: 爸妈10:30之后回老家
